time,INJUSDT,NEARUSDT,ENSUSDT,JUPUSDT,GMXUSDT,HYPEUSDT,AAVEUSDT,PEPEUSDT,UMAUSDT,BCHUSDT,LTCUSDT,LINKUSDT
2025-02-07 01:45:00,13.488,3.24,26.152,0.842,17.05,24.16,244.65,0.0000093972,1.582,322.14,104.73,18.898
2025-02-07 02:00:00,13.547,3.24,26.144,0.8434,16.91,24.155,244.99,0.0000093796,1.577,321.95,104.96,18.933
2025-02-07 02:15:00,13.471,3.243,26.182,0.8452,16.85,24.181,244.5,0.0000094163,1.576,321.89,104.36,18.927
2025-02-07 02:30:00,13.478,3.228,26.168,0.8379,16.85,24.246,244.58,0.0000094176,1.573,321.86,104.41,18.894
2025-02-07 02:45:00,13.597,3.238,26.23,0.8439,16.88,24.44,246.8,0.0000094598,1.578,322.66,104.33,18.92
2025-02-07 03:00:00,13.538,3.237,26.242,0.8414,16.83,24.333,247.51,0.0000094718,1.576,322.42,103.71,18.88
2025-02-07 03:15:00,13.421,3.221,26.121,0.8372,16.79,24.115,245.93,0.000009425,1.566,321.03,103.61,18.819
2025-02-07 03:30:00,13.304,3.207,25.924,0.8294,16.73,24.107,244.15,0.0000093585,1.555,319.9,103.16,18.706
2025-02-07 03:45:00,13.412,3.224,26.054,0.8328,16.74,24.189,245.9,0.0000094098,1.564,321.69,104.02,18.803
2025-02-07 04:00:00,13.43,3.233,26.216,0.84,16.76,24.253,246.91,0.0000094392,1.569,322.73,104.07,18.919
2025-02-07 04:15:00,13.417,3.236,26.182,0.8434,16.76,24.358,246.82,0.0000094285,1.563,322.26,103.73,18.901
2025-02-07 04:30:00,13.365,3.226,26.124,0.8374,16.73,24.274,244.29,0.0000094034,1.562,321.41,103.69,18.849
2025-02-07 04:45:00,13.33,3.225,26.079,0.8333,16.73,24.297,244.26,0.0000093461,1.56,321.43,103.37,18.815
2025-02-07 05:00:00,13.31,3.212,25.977,0.8336,16.74,24.221,243.1,0.0000092923,1.551,321.27,103.64,18.761
2025-02-07 05:15:00,13.28,3.204,25.875,0.8304,16.67,23.966,242.63,0.0000092454,1.551,320.29,103.46,18.705
2025-02-07 05:30:00,13.331,3.218,25.973,0.8353,16.84,23.968,243.05,0.0000092939,1.551,321.34,103.99,18.778
2025-02-07 05:45:00,13.33,3.217,25.978,0.8351,16.81,23.811,243.91,0.0000092716,1.553,321.73,104.3,18.779
2025-02-07 06:00:00,13.299,3.207,25.893,0.831,16.75,23.682,242.71,0.0000091715,1.554,320.56,104.39,18.739
2025-02-07 06:15:00,13.149,3.175,25.58,0.8204,16.56,23.335,239.96,0.0000090669,1.545,317.71,103.22,18.528
2025-02-07 06:30:00,13.067,3.163,25.473,0.8186,16.52,23.257,239.38,0.0000090371,1.543,316.51,103.13,18.484
2025-02-07 06:45:00,13.248,3.192,25.745,0.8236,16.68,23.303,240.43,0.0000090812,1.553,319.05,103.97,18.62
2025-02-07 07:00:00,13.327,3.212,25.826,0.8295,16.73,23.413,241.86,0.0000091941,1.559,319.97,104.43,18.727
2025-02-07 07:15:00,13.404,3.23,26.005,0.8335,16.81,23.531,243.81,0.0000093126,1.572,321.37,104.67,18.838
2025-02-07 07:30:00,13.41,3.233,25.959,0.8305,16.8,23.417,244.1,0.0000092931,1.563,321.3,104.95,18.817
2025-02-07 07:45:00,13.339,3.209,25.836,0.8294,16.78,23.3,242.8,0.0000092652,1.555,320.54,105.01,18.771
2025-02-07 08:00:00,13.363,3.22,25.916,0.831,16.76,23.245,243.45,0.0000093107,1.559,321.47,104.55,18.795
2025-02-07 08:15:00,13.389,3.221,25.864,0.8298,16.74,23.342,243.11,0.0000093242,1.555,321.47,104.69,18.802
2025-02-07 08:30:00,13.553,3.251,25.992,0.8352,16.89,23.379,245.87,0.0000093759,1.568,323.65,105.15,18.949
2025-02-07 08:45:00,13.545,3.25,25.9,0.8346,16.9,23.447,245.84,0.0000093552,1.566,323.24,104.86,18.894
2025-02-07 09:00:00,13.56,3.262,25.956,0.8393,16.94,23.551,247.17,0.0000093498,1.566,324.01,105.28,19.009
2025-02-07 09:15:00,13.694,3.27,26.138,0.8484,17,23.951,249.47,0.0000094052,1.58,325.68,105.5,19.104
2025-02-07 09:30:00,13.696,3.274,26.192,0.8454,17.01,23.871,250,0.0000094042,1.575,325.49,105.09,19.167
2025-02-07 09:45:00,13.743,3.291,26.221,0.8518,17.03,23.922,249.66,0.0000094778,1.576,326.16,105.03,19.212
2025-02-07 10:00:00,13.78,3.284,26.206,0.8488,17.02,23.981,248.64,0.0000094883,1.575,325.31,104.23,19.127
2025-02-07 10:15:00,13.797,3.268,26.271,0.8524,17,24.099,250.25,0.0000095216,1.579,326.09,104.44,19.229
2025-02-07 10:30:00,13.801,3.272,26.314,0.8533,16.98,24.01,249.62,0.000009563,1.575,325.8,104.1,19.222
2025-02-07 10:45:00,13.848,3.275,26.257,0.8535,16.99,23.858,250.22,0.0000095359,1.578,325.5,104.36,19.221
2025-02-07 11:00:00,13.976,3.291,26.38,0.8606,17.07,23.99,252.57,0.0000095774,1.586,326.72,104.81,19.288
2025-02-07 11:15:00,14.015,3.288,26.444,0.8583,17.1,23.978,252.01,0.0000095447,1.581,326.53,104.83,19.3
2025-02-07 11:30:00,14.009,3.282,26.376,0.8594,17.08,23.947,252.49,0.0000095237,1.573,326.09,104.53,19.246
2025-02-07 11:45:00,14.018,3.286,26.531,0.8607,17.15,24.24,254.15,0.0000095845,1.579,326.75,104.88,19.276
2025-02-07 12:00:00,13.849,3.269,26.35,0.8541,17.09,24.021,253.55,0.0000094913,1.572,325.7,104.5,19.205
2025-02-07 12:15:00,13.848,3.268,26.37,0.8555,17.21,24.095,254.25,0.0000094941,1.573,325.36,104.66,19.15
2025-02-07 12:30:00,13.927,3.284,26.546,0.862,17.31,24.197,254.62,0.000009549,1.587,327.07,104.86,19.258
2025-02-07 12:45:00,13.949,3.274,26.485,0.8574,17.3,24.197,254.71,0.0000095111,1.588,326.78,105.27,19.197
2025-02-07 13:00:00,13.865,3.265,26.311,0.8503,17.25,24.065,252.64,0.0000094523,1.578,326.07,104.75,19.1
2025-02-07 13:15:00,13.876,3.256,26.326,0.8489,17.31,24.089,251.33,0.000009426,1.581,326.18,105.06,19.065
2025-02-07 13:30:00,14.126,3.306,26.935,0.8594,17.47,24.449,255.6,0.0000095762,1.62,328.34,106.12,19.378
2025-02-07 13:45:00,14.442,3.347,27.169,0.8697,17.69,24.785,258.14,0.0000097085,1.631,330.74,107.13,19.582
2025-02-07 14:00:00,14.551,3.353,27.271,0.8737,17.64,24.85,258.67,0.0000097415,1.64,332.78,107.13,19.648
2025-02-07 14:15:00,14.642,3.378,27.22,0.8762,17.64,24.986,261.21,0.0000097791,1.648,333.54,107.34,19.703
2025-02-07 14:30:00,14.564,3.377,27.095,0.8732,17.49,25.085,256.9,0.0000097076,1.641,333.33,107.06,19.582
2025-02-07 14:45:00,14.63,3.392,27.111,0.8739,17.49,24.781,257.71,0.0000097522,1.65,333.39,107.24,19.664
2025-02-07 15:00:00,14.33,3.326,26.66,0.8489,17.44,24.394,251.63,0.0000095201,1.62,328.92,105.7,19.273
2025-02-07 15:15:00,14.277,3.328,26.625,0.8443,17.55,24.05,251.68,0.0000094762,1.615,327.87,105.66,19.313
2025-02-07 15:30:00,14.364,3.34,26.668,0.848,17.56,24.036,251.6,0.0000094997,1.622,328.92,106.44,19.418
2025-02-07 15:45:00,14.287,3.328,26.523,0.8462,17.56,23.77,250.18,0.0000094363,1.635,327.86,106.09,19.361
2025-02-07 16:00:00,14.183,3.318,26.419,0.8401,17.48,23.469,249.16,0.0000093669,1.623,327.12,105.66,19.127
2025-02-07 16:15:00,14.196,3.325,26.427,0.8422,17.5,23.611,248.38,0.0000094312,1.619,328.23,105.39,19.136
2025-02-07 16:30:00,14.14,3.319,26.405,0.8431,17.43,23.464,248.34,0.000009468,1.619,328.38,105.19,19.101
2025-02-07 16:45:00,13.981,3.299,26.141,0.8336,17.2,23.397,246.18,0.0000093611,1.61,326.12,104.43,18.936
2025-02-07 17:00:00,13.922,3.295,25.934,0.8258,17.08,23.27,246.07,0.0000093019,1.602,325.2,104.89,18.823
2025-02-07 17:15:00,13.808,3.272,25.75,0.8187,17.01,23.092,243.14,0.0000092187,1.594,323.19,103.9,18.697
2025-02-07 17:30:00,13.87,3.276,25.768,0.8176,17.03,23.187,243.56,0.0000092376,1.601,323.83,104.07,18.738
2025-02-07 17:45:00,13.881,3.272,25.801,0.8206,17.08,23.08,244.07,0.0000092778,1.598,324.07,103.89,18.762
2025-02-07 18:00:00,13.983,3.295,25.926,0.8268,17.05,23.255,246.33,0.0000093481,1.611,326.2,104.58,18.877
2025-02-07 18:15:00,14.029,3.313,25.987,0.8252,17.04,23.643,247.26,0.0000093887,1.615,326.44,104.64,18.941
2025-02-07 18:30:00,14.107,3.319,26.004,0.8263,17.06,23.629,247.25,0.0000094293,1.621,327.71,104.91,19.002
2025-02-07 18:45:00,14.011,3.308,25.904,0.8226,17.02,23.348,246.41,0.0000094281,1.61,326.76,104.75,18.947
2025-02-07 19:00:00,13.971,3.306,25.888,0.8198,17.04,23.545,246.09,0.0000094239,1.616,327.13,104.55,18.898
2025-02-07 19:15:00,13.899,3.298,25.815,0.8161,17.03,23.564,246.09,0.000009384,1.606,326.6,104.08,18.869
2025-02-07 19:30:00,13.873,3.289,25.772,0.8109,16.95,23.453,244.69,0.0000093596,1.603,325.08,103.21,18.799
2025-02-07 19:45:00,13.804,3.272,25.687,0.8065,16.92,23.259,243.37,0.0000093188,1.603,323.95,102.88,18.715
2025-02-07 20:00:00,13.57,3.231,25.171,0.8016,16.79,23.06,240.17,0.0000091708,1.583,321.22,101.83,18.486
2025-02-07 20:15:00,13.475,3.213,24.981,0.7916,16.73,22.943,238.29,0.000009082,1.579,319.36,101.36,18.318
2025-02-07 20:30:00,13.39,3.192,24.929,0.7886,16.57,22.823,236.12,0.0000089984,1.569,317.94,101.2,18.232
2025-02-07 20:45:00,13.225,3.161,24.623,0.7836,16.41,22.483,233.51,0.0000087816,1.546,314.92,100.74,18.079
2025-02-07 21:00:00,13.314,3.19,24.75,0.7898,16.49,22.884,236.75,0.0000088464,1.553,317.4,101.83,18.251
2025-02-07 21:15:00,13.234,3.176,24.71,0.788,16.43,22.612,235.31,0.000008749,1.547,316.08,101.72,18.124
2025-02-07 21:30:00,13.152,3.163,24.582,0.7861,16.44,22.469,235.57,0.0000086714,1.538,314.36,101.4,18.072
2025-02-07 21:45:00,13.08,3.156,24.508,0.7829,16.36,22.297,233.58,0.0000086493,1.54,312.93,101.5,18.003
2025-02-07 22:00:00,13.02,3.135,24.544,0.7836,16.33,22.181,233.39,0.0000085779,1.524,310.08,101.27,17.934
2025-02-07 22:15:00,12.982,3.126,24.434,0.7818,16.26,22.184,232.63,0.0000084927,1.52,309.57,100.98,17.873
2025-02-07 22:30:00,13.015,3.117,24.567,0.7816,16.27,22.425,231.89,0.0000085472,1.526,310.3,101.37,17.887
2025-02-07 22:45:00,13.213,3.139,24.739,0.7878,16.38,22.62,233.98,0.0000086714,1.541,312.48,101.67,18.012
2025-02-07 23:00:00,13.311,3.145,24.829,0.7945,16.43,22.703,234.33,0.000008785,1.545,315.51,102.02,18.056
2025-02-07 23:15:00,13.386,3.163,25.027,0.7946,16.5,22.795,235.8,0.0000088412,1.552,316.32,102.27,18.193
2025-02-07 23:30:00,13.399,3.18,25.107,0.799,16.57,22.865,237.12,0.0000088962,1.565,317.58,102.99,18.31
2025-02-07 23:45:00,13.478,3.204,25.102,0.8005,16.64,22.874,237.87,0.0000089247,1.578,318.46,103.05,18.377
2025-02-08 00:00:00,13.477,3.209,25.149,0.7977,16.72,22.694,238.37,0.0000090021,1.565,317.74,102.93,18.351
2025-02-08 00:15:00,13.628,3.238,25.4,0.8042,16.93,22.894,240.69,0.0000091461,1.583,320.1,103.65,18.547
2025-02-08 00:30:00,13.607,3.231,25.409,0.8018,16.97,22.882,240.19,0.0000091871,1.585,320.35,104.59,18.551
2025-02-08 00:45:00,13.504,3.226,25.309,0.8008,16.95,22.682,239.95,0.0000091477,1.58,320.09,104.13,18.518
2025-02-08 01:00:00,13.376,3.217,25.137,0.7978,16.96,22.59,238.67,0.0000090997,1.571,319.25,103.97,18.403
2025-02-08 01:15:00,13.244,3.211,25.139,0.7977,16.97,22.699,237.81,0.0000091373,1.568,318.65,103.88,18.394
2025-02-08 01:30:00,13.233,3.203,25.061,0.7956,16.98,22.776,237.64,0.000009126,1.57,318.77,103.94,18.343
2025-02-08 01:45:00,13.181,3.187,24.964,0.7883,16.91,22.719,236.68,0.0000090501,1.561,317.72,103.69,18.306
2025-02-08 02:00:00,13.157,3.184,24.958,0.7881,16.91,22.689,236.74,0.0000090287,1.562,316.82,103.85,18.269
2025-02-08 02:15:00,13.227,3.207,25.076,0.7901,17.07,22.825,237.57,0.000009074,1.569,318.2,104.89,18.345
2025-02-08 02:30:00,13.115,3.189,24.973,0.7891,16.96,22.738,236.61,0.0000090394,1.559,317.41,104.11,18.243
2025-02-08 02:45:00,13.187,3.205,25.071,0.7928,17.14,22.863,236.96,0.0000090202,1.565,318.62,104,18.319
2025-02-08 03:00:00,13.252,3.209,25.099,0.7944,17.07,22.958,237.96,0.0000090736,1.567,318.57,104.12,18.339
2025-02-08 03:15:00,13.116,3.188,24.958,0.7895,17.14,23.07,236.54,0.0000090399,1.558,317.47,103.93,18.235
2025-02-08 03:30:00,13.117,3.192,24.985,0.7918,17.15,22.999,236.86,0.0000090686,1.562,317.56,104.02,18.239
2025-02-08 03:45:00,13.108,3.187,24.977,0.7924,17.18,22.925,236.56,0.000009065,1.564,317.63,103.72,18.22
2025-02-08 04:00:00,13.107,3.178,24.994,0.7924,17.12,22.897,236.81,0.0000090931,1.568,317.44,103.83,18.205
2025-02-08 04:15:00,13.074,3.172,24.956,0.791,17.04,22.803,236.55,0.0000090737,1.566,317.37,103.83,18.168
2025-02-08 04:30:00,12.997,3.17,24.834,0.7906,17.12,22.685,235.67,0.0000089912,1.569,316.64,103.66,18.135
2025-02-08 04:45:00,12.975,3.178,24.856,0.79,17.15,22.657,235.37,0.0000090245,1.571,316.47,103.46,18.095
2025-02-08 05:00:00,12.928,3.173,24.799,0.7857,17.05,22.553,234.89,0.0000089975,1.566,316.24,103.07,18.059
2025-02-08 05:15:00,12.975,3.211,24.774,0.7868,17,22.557,234.69,0.0000090254,1.569,316.56,102.81,18.078
2025-02-08 05:30:00,12.981,3.198,24.775,0.7872,17.08,22.625,234.31,0.0000090164,1.567,316.57,102.91,18.094
2025-02-08 05:45:00,12.972,3.203,24.752,0.7876,17.06,22.63,234.78,0.0000090212,1.577,316.68,103.11,18.104
2025-02-08 06:00:00,12.966,3.205,24.713,0.7903,17.08,22.518,234.77,0.000009047,1.573,316.71,103.1,18.096
2025-02-08 06:15:00,13.033,3.222,24.815,0.7944,17.08,22.514,235.99,0.0000090997,1.582,317.86,103.56,18.167
2025-02-08 06:30:00,13.002,3.212,24.787,0.7948,17.09,22.514,236.29,0.0000091005,1.579,317.76,103.78,18.154
2025-02-08 06:45:00,12.94,3.207,24.688,0.79,17.11,22.447,234.9,0.0000090416,1.57,316.94,103.42,18.078
2025-02-08 07:00:00,12.883,3.203,24.623,0.7864,17.16,22.26,233.99,0.0000090178,1.562,315.83,103.21,17.996
2025-02-08 07:15:00,12.925,3.214,24.664,0.7873,17.32,22.374,233.49,0.0000090644,1.573,316.59,103.17,18.026
2025-02-08 07:30:00,13.023,3.236,24.777,0.7937,17.36,22.498,235.81,0.0000091754,1.581,318.36,103.1,18.133
2025-02-08 07:45:00,13.074,3.252,24.864,0.7984,17.35,22.642,236.1,0.0000092044,1.585,318.79,102.94,18.167
2025-02-08 08:00:00,12.951,3.23,24.775,0.7944,17.23,22.595,235.79,0.0000091387,1.577,317.42,102.73,18.087
2025-02-08 08:15:00,12.919,3.237,24.82,0.7922,17.2,22.635,234.17,0.0000091629,1.577,317.95,102.7,18.033
2025-02-08 08:30:00,12.952,3.229,24.797,0.7915,17.25,22.621,233.98,0.0000091731,1.579,317.69,102.76,18.009
2025-02-08 08:45:00,12.87,3.209,24.71,0.788,17.22,22.501,232.53,0.0000091055,1.571,316.04,102.77,17.911
2025-02-08 09:00:00,12.877,3.216,24.741,0.7906,17.28,22.607,233.39,0.0000091608,1.568,316.88,103.04,17.971
2025-02-08 09:15:00,13.075,3.226,24.835,0.7961,17.34,22.738,234.66,0.0000092211,1.57,317.65,103.23,18.031
2025-02-08 09:30:00,13.072,3.226,24.809,0.7947,17.3,22.766,234.41,0.0000092,1.563,317.23,103.2,18.015
2025-02-08 09:45:00,13.094,3.215,24.8,0.7965,17.34,22.808,234.71,0.0000092254,1.565,317.29,102.98,18.042
2025-02-08 10:00:00,13.108,3.192,24.707,0.7992,17.3,22.786,234.02,0.0000092015,1.584,317.63,103.09,18.03
2025-02-08 10:15:00,13.151,3.192,24.786,0.8025,17.3,22.969,234.5,0.0000091629,1.585,318.39,103.26,18.077
2025-02-08 10:30:00,13.101,3.193,24.686,0.8003,17.27,23.019,233.73,0.0000091471,1.581,317.88,102.79,18.013
2025-02-08 10:45:00,13.11,3.192,24.671,0.7976,17.35,23,233.03,0.000009145,1.59,317.34,102.6,17.996
2025-02-08 11:00:00,13.103,3.189,24.646,0.798,17.18,22.994,233.13,0.0000091541,1.695,317.4,102.76,18.024
2025-02-08 11:15:00,13.019,3.174,24.544,0.7945,17.17,22.895,232.27,0.0000091454,1.676,316.14,102.72,17.945
2025-02-08 11:30:00,13.006,3.171,24.575,0.7961,17.16,22.808,232.17,0.0000091712,1.653,316.28,102.61,17.972
2025-02-08 11:45:00,13.111,3.186,24.707,0.8011,17.17,22.982,233.58,0.0000092523,1.679,317.35,102.85,18.055
2025-02-08 12:00:00,13.101,3.173,24.642,0.7992,17.18,23.028,232.64,0.0000092022,1.661,316.66,102.3,17.991
2025-02-08 12:15:00,13.053,3.166,24.612,0.7965,17.18,23.048,231.85,0.0000091703,1.654,315.98,102.11,17.929
2025-02-08 12:30:00,13.026,3.161,24.632,0.7953,17.26,22.963,231.43,0.0000092155,1.672,316.04,102.14,17.928
2025-02-08 12:45:00,13.06,3.165,24.621,0.7987,17.37,23.066,232.1,0.0000092216,1.698,316.08,102.15,17.952
2025-02-08 13:00:00,13.115,3.171,24.677,0.8002,17.46,23.164,232.66,0.0000092485,1.68,316.44,102.23,18.002
2025-02-08 13:15:00,13.25,3.211,24.813,0.8022,17.56,23.298,234.31,0.0000093641,1.665,317.49,102.62,18.107
2025-02-08 13:30:00,13.334,3.207,24.945,0.8091,17.86,23.503,235.31,0.0000093737,1.653,318.8,103.19,18.176
2025-02-08 13:45:00,13.302,3.196,24.872,0.8033,17.67,23.307,234.49,0.0000093409,1.634,318.44,102.94,18.09
2025-02-08 14:00:00,13.393,3.195,24.9,0.8042,17.67,23.423,234.25,0.000009317,1.626,319.33,102.97,18.084
2025-02-08 14:15:00,13.307,3.174,24.733,0.8018,17.54,23.256,232.32,0.0000092661,1.608,318.13,102.23,17.957
2025-02-08 14:30:00,13.442,3.188,24.845,0.8056,17.6,23.268,232.69,0.0000093156,1.619,319.03,102.18,17.98
2025-02-08 14:45:00,13.394,3.199,24.92,0.8074,18.23,23.248,234.04,0.0000093604,1.628,319.85,102.45,18.047
2025-02-08 15:00:00,13.461,3.206,24.982,0.8113,18.02,23.273,234.53,0.0000093875,1.611,319.86,102.61,18.122
2025-02-08 15:15:00,13.386,3.193,24.88,0.8077,17.98,23.213,233.51,0.0000093555,1.601,318.57,102.44,18.072
2025-02-08 15:30:00,13.272,3.179,24.753,0.801,18.02,23.022,231.66,0.000009274,1.583,317.33,102.28,17.973
2025-02-08 15:45:00,13.309,3.226,24.805,0.8048,18.03,23.065,232.34,0.0000093254,1.592,318.04,102.55,18.045
2025-02-08 16:00:00,13.272,3.216,24.716,0.8049,18.18,23.024,233.06,0.0000093559,1.59,318.45,102.32,17.988
2025-02-08 16:15:00,13.369,3.228,24.817,0.8078,18.28,23.023,234.02,0.0000094508,1.598,318.68,102.74,18.048
2025-02-08 16:30:00,13.33,3.219,24.773,0.8086,18.2,23.027,233.17,0.0000094594,1.593,318.92,102.93,18.058
2025-02-08 16:45:00,13.397,3.223,24.85,0.8153,18.52,23.222,233.78,0.0000095204,1.601,320.17,103.5,18.15
2025-02-08 17:00:00,13.512,3.218,24.928,0.8201,19.96,23.339,235.39,0.0000095588,1.611,321,104.09,18.226
2025-02-08 17:15:00,13.549,3.21,24.956,0.8209,20.04,23.47,235.71,0.0000095489,1.618,321.59,103.98,18.2
2025-02-08 17:30:00,13.633,3.228,25.115,0.8249,19.94,23.484,237.42,0.0000096337,1.629,322.97,104.34,18.271
2025-02-08 17:45:00,13.668,3.218,25.137,0.8297,20.28,23.627,238.21,0.0000095899,1.636,322.89,104.34,18.256
2025-02-08 18:00:00,13.581,3.204,25.074,0.8243,19.98,23.644,237.26,0.0000095042,1.633,321.69,104.14,18.202
2025-02-08 18:15:00,13.679,3.223,25.211,0.8256,20.12,23.703,238.86,0.0000095608,1.657,322.48,104.33,18.318
2025-02-08 18:30:00,13.642,3.216,25.116,0.8274,20.17,23.574,237.85,0.0000095203,1.649,322.76,104.28,18.266
2025-02-08 18:45:00,13.613,3.216,25.134,0.8303,20.32,23.672,238.07,0.0000095537,1.659,322.91,104.46,18.267
2025-02-08 19:00:00,13.6,3.22,25.108,0.835,20.3,23.545,238.45,0.0000095739,1.65,322.41,104.47,18.278
2025-02-08 19:15:00,13.71,3.231,25.252,0.8417,20.65,23.721,240.02,0.0000096481,1.66,323.04,104.56,18.379
2025-02-08 19:30:00,13.63,3.231,25.09,0.8328,20.33,23.56,239.3,0.0000096042,1.655,322.59,104.26,18.306
2025-02-08 19:45:00,13.671,3.244,25.128,0.8304,20.35,23.589,240.4,0.0000096199,1.659,322.82,104.39,18.324
2025-02-08 20:00:00,13.657,3.233,25.074,0.8293,20.19,23.474,238.51,0.0000095716,1.659,322.39,104.45,18.273
2025-02-08 20:15:00,13.704,3.243,25.16,0.8304,20.4,23.663,239.57,0.0000095609,1.669,322.83,104.77,18.3
2025-02-08 20:30:00,13.693,3.237,25.152,0.8284,20.26,23.567,238.76,0.0000095652,1.663,322.62,104.56,18.27
2025-02-08 20:45:00,13.661,3.241,25.161,0.8277,20.29,23.63,238.67,0.0000095854,1.659,322.71,104.83,18.24
2025-02-08 21:00:00,13.612,3.235,25.119,0.8284,20.28,23.685,238.56,0.0000095675,1.658,322.19,104.79,18.256
2025-02-08 21:15:00,13.657,3.233,25.119,0.8308,20.32,23.731,238.24,0.0000095704,1.652,322.34,104.8,18.237
2025-02-08 21:30:00,13.753,3.252,25.249,0.8365,20.43,23.79,239.92,0.000009586,1.651,323.33,104.9,18.32
2025-02-08 21:45:00,13.75,3.246,25.261,0.836,20.3,23.853,239.38,0.0000095848,1.655,322.8,104.74,18.27
2025-02-08 22:00:00,13.796,3.256,25.366,0.8401,20.36,23.73,239.13,0.0000095953,1.65,322.75,105.01,18.385
2025-02-08 22:15:00,13.749,3.27,25.181,0.8356,20.39,23.558,238.57,0.000009524,1.649,322.38,104.89,18.323
2025-02-08 22:30:00,13.666,3.278,25.01,0.8303,20.14,23.42,236.95,0.000009429,1.639,320.77,104.29,18.218
2025-02-08 22:45:00,13.708,3.312,25.057,0.8312,20.11,23.52,236.93,0.000009482,1.644,322.26,104.22,18.26
2025-02-08 23:00:00,13.757,3.284,25.158,0.8368,20.18,23.573,238.8,0.0000095454,1.649,323.2,104.22,18.397
2025-02-08 23:15:00,13.784,3.279,25.181,0.84,20.28,23.524,239.65,0.0000095872,1.656,323.43,104.5,18.434
2025-02-08 23:30:00,13.897,3.299,25.199,0.8434,20.18,23.606,240.1,0.000009618,1.654,323.77,104.65,18.477
2025-02-08 23:45:00,13.799,3.283,25.094,0.8396,20.06,23.471,238.63,0.0000095556,1.647,322.89,104.61,18.425
2025-02-09 00:00:00,13.761,3.277,24.999,0.8396,19.97,23.381,239.84,0.0000095537,1.643,322.11,104.29,18.353
2025-02-09 00:15:00,13.745,3.267,24.978,0.8351,19.87,23.227,239.03,0.000009549,1.638,321.8,104.62,18.322
2025-02-09 00:30:00,13.727,3.27,24.893,0.8351,19.94,23.214,238.22,0.0000095412,1.638,321.86,104.86,18.27
2025-02-09 00:45:00,13.787,3.282,25.04,0.8391,20.13,23.337,240.08,0.0000095927,1.638,322.89,105.18,18.293
2025-02-09 01:00:00,13.865,3.304,25.227,0.8469,20.35,23.398,241.26,0.0000096211,1.644,323.03,105.68,18.406
2025-02-09 01:15:00,13.952,3.313,25.259,0.854,20.49,23.573,242.43,0.000009652,1.674,323.85,105.69,18.456
2025-02-09 01:30:00,13.986,3.308,25.22,0.8511,20.49,23.616,243.52,0.0000096286,1.68,323.29,105.66,18.437
2025-02-09 01:45:00,13.985,3.313,25.168,0.8576,20.38,23.621,243.19,0.0000096462,1.7,323.08,105.76,18.512
2025-02-09 02:00:00,13.877,3.305,25.123,0.856,20.25,23.34,243.5,0.0000096014,1.747,323.12,105.34,18.428
2025-02-09 02:15:00,13.834,3.3,25.019,0.8532,20.39,23.343,241.17,0.0000095664,1.686,322.44,105.34,18.359
2025-02-09 02:30:00,13.897,3.305,25.051,0.8555,20.29,23.428,241.81,0.0000095388,1.665,322.46,105.28,18.381
2025-02-09 02:45:00,13.787,3.302,25.022,0.8503,20.28,23.386,241.6,0.0000094911,1.663,322.2,105.45,18.314
2025-02-09 03:00:00,13.823,3.306,25.088,0.8486,20.29,23.457,242.97,0.0000095224,1.791,322.47,105.94,18.376
2025-02-09 03:15:00,13.912,3.325,25.233,0.8513,20.31,23.704,246.3,0.0000095797,1.795,324.04,106.31,18.465
2025-02-09 03:30:00,14.213,3.367,25.667,0.8657,20.56,23.958,252,0.0000097398,1.843,326.59,106.81,18.773
2025-02-09 03:45:00,14.334,3.389,25.74,0.8748,20.54,23.959,251.01,0.0000097734,1.819,327.95,107.44,18.893
2025-02-09 04:00:00,14.214,3.373,25.494,0.8683,20.89,23.822,248.38,0.0000096542,1.81,326.61,107.29,18.728
2025-02-09 04:15:00,14.162,3.374,25.509,0.8675,20.97,23.848,248.62,0.0000096652,1.815,326.32,106.85,18.687
2025-02-09 04:30:00,14.182,3.384,25.501,0.8705,20.87,23.744,249.14,0.0000096479,1.808,326.43,106.9,18.719
2025-02-09 04:45:00,14.132,3.387,25.439,0.8686,20.89,23.786,248.77,0.000009646,1.874,326.13,107.02,18.715
2025-02-09 05:00:00,14.096,3.372,25.325,0.8652,20.7,23.761,247.59,0.0000096212,1.829,325.7,106.95,18.647
2025-02-09 05:15:00,14.071,3.378,25.322,0.8798,20.49,23.749,247.25,0.0000096107,1.811,325.84,106.92,18.658
2025-02-09 05:30:00,14.027,3.391,25.414,0.8802,20.45,23.811,247.96,0.0000096107,1.815,326.76,106.79,18.704
2025-02-09 05:45:00,14.012,3.397,25.371,0.8734,20.49,23.715,247.78,0.000009573,1.791,325.6,106.61,18.657
2025-02-09 06:00:00,13.956,3.38,25.373,0.8558,20.5,23.528,246.39,0.0000095282,1.78,325.27,106.44,18.593
2025-02-09 06:15:00,13.944,3.381,25.439,0.8529,20.44,23.469,245.7,0.0000095523,1.773,325.41,106.26,18.571
2025-02-09 06:30:00,13.866,3.394,25.378,0.8529,20.45,23.556,245.3,0.0000095526,1.79,325.93,106.22,18.626
2025-02-09 06:45:00,13.85,3.401,25.445,0.852,20.65,23.638,246.11,0.000009598,1.777,326.23,106.3,18.682
2025-02-09 07:00:00,13.801,3.385,25.456,0.8487,20.88,23.621,245.07,0.0000096208,1.797,326.47,106.33,18.723
2025-02-09 07:15:00,13.824,3.381,25.478,0.8466,20.87,23.54,244.54,0.0000096245,1.778,326.08,106.26,18.687
2025-02-09 07:30:00,13.845,3.394,25.472,0.8431,20.88,23.542,245.19,0.000009597,1.792,325.86,106.36,18.706
2025-02-09 07:45:00,13.921,3.408,25.472,0.8472,21.57,23.625,246.67,0.0000095901,1.795,325.79,106.81,18.739
2025-02-09 08:00:00,13.959,3.43,25.528,0.8507,21.4,23.867,248.57,0.0000096197,1.799,326.53,106.49,18.825
2025-02-09 08:15:00,13.9,3.428,25.532,0.8496,24.35,23.826,248.27,0.0000096442,1.815,326.8,106.36,18.869
2025-02-09 08:30:00,13.913,3.461,25.449,0.8417,24.76,23.75,247.28,0.0000096082,1.824,326.4,105.99,18.789
2025-02-09 08:45:00,14.021,3.45,25.465,0.8456,24.52,23.86,246.82,0.0000096736,1.824,327.14,106.03,18.823
2025-02-09 09:00:00,13.938,3.431,25.332,0.8385,23.88,23.651,245.84,0.0000096178,1.808,325.5,105.79,18.766
2025-02-09 09:15:00,13.907,3.427,25.361,0.8372,23.91,23.637,246.44,0.0000096721,1.803,325.39,105.87,18.764
2025-02-09 09:30:00,13.862,3.4,25.339,0.8365,23.63,23.604,246.15,0.0000096477,1.793,324.89,106.03,18.722
2025-02-09 09:45:00,13.911,3.396,25.355,0.8377,23.71,23.658,245.76,0.0000096767,1.802,325.36,106.04,18.725
2025-02-09 10:00:00,13.942,3.382,25.408,0.8374,23.89,23.636,246.06,0.0000096939,1.82,325.78,106.41,18.731
2025-02-09 10:15:00,13.993,3.365,25.441,0.8368,24.28,23.667,246.77,0.0000097184,1.817,326.01,106.34,18.76
2025-02-09 10:30:00,13.975,3.353,25.46,0.8417,24.16,23.766,246.25,0.0000097371,1.813,325.84,106.33,18.716
2025-02-09 10:45:00,13.929,3.343,25.385,0.8373,23.85,23.636,245.44,0.000009702,1.802,325.28,106.11,18.62
2025-02-09 11:00:00,13.879,3.334,25.332,0.8368,23.55,23.797,245.03,0.0000096461,1.795,324.86,106.49,18.613
2025-02-09 11:15:00,13.913,3.33,25.402,0.8368,23.42,23.709,245.24,0.0000096657,1.8,325.47,106.75,18.657
2025-02-09 11:30:00,13.823,3.308,25.327,0.834,23.51,23.323,244.28,0.0000096583,1.785,324.99,106.6,18.573
2025-02-09 11:45:00,13.811,3.314,25.233,0.8298,23.38,23.237,243.7,0.0000095836,1.774,325.2,106.45,18.53
2025-02-09 12:00:00,13.84,3.316,25.347,0.8339,23.46,23.291,244.6,0.0000096559,1.787,325.75,107.02,18.592
2025-02-09 12:15:00,13.786,3.305,25.34,0.8333,23.62,23.378,244.83,0.0000096348,1.785,325.41,106.89,18.559
2025-02-09 12:30:00,13.724,3.294,25.203,0.8304,22.96,23.268,243.83,0.0000095774,1.765,324.81,106.56,18.496
2025-02-09 12:45:00,13.767,3.299,25.27,0.8308,23.16,23.309,244.68,0.0000095854,1.772,325.31,107,18.521
2025-02-09 13:00:00,13.688,3.29,25.217,0.8268,22.97,23.124,243.86,0.0000095412,1.767,325.16,106.63,18.463
2025-02-09 13:15:00,13.603,3.276,25.089,0.8207,22.77,23.037,241.42,0.0000094688,1.765,324.18,106.29,18.355
2025-02-09 13:30:00,13.485,3.244,24.905,0.8153,22.72,22.979,240.3,0.0000093631,1.746,323.91,105.52,18.252
2025-02-09 13:45:00,13.414,3.237,24.765,0.8117,22.79,22.789,238.76,0.000009292,1.735,321.51,105.13,18.166
2025-02-09 14:00:00,13.54,3.251,24.989,0.8217,22.96,22.925,240.74,0.000009417,1.746,324.63,106.32,18.329
2025-02-09 14:15:00,13.5,3.247,24.906,0.8251,22.93,22.963,240.94,0.0000093962,1.753,324.13,106.21,18.313
2025-02-09 14:30:00,13.457,3.239,24.832,0.8251,22.8,22.934,240.43,0.0000093818,1.743,323.8,106.07,18.377
2025-02-09 14:45:00,13.497,3.242,24.862,0.8304,22.83,22.9,241.55,0.0000093938,1.765,324.57,106.37,18.382
2025-02-09 15:00:00,13.613,3.256,25.099,0.8348,23.11,23.007,244.08,0.0000094884,1.787,326.64,107.4,18.606
2025-02-09 15:15:00,13.635,3.26,25.11,0.8374,23.12,23.164,243.62,0.0000095375,1.791,327.24,107.51,18.583
2025-02-09 15:30:00,13.717,3.288,25.256,0.8353,23.05,23.274,245.4,0.0000096001,1.781,327.5,108.12,18.748
2025-02-09 15:45:00,13.683,3.276,25.253,0.8338,22.83,23.171,244.95,0.0000095948,1.764,326.99,107.95,18.712
2025-02-09 16:00:00,13.758,3.293,25.5,0.8405,22.64,23.319,247.04,0.0000096866,1.779,328.66,108.95,18.89
2025-02-09 16:15:00,13.663,3.272,25.396,0.8405,22.69,23.225,246.16,0.0000096289,1.774,327.73,107.94,18.795
2025-02-09 16:30:00,13.651,3.268,25.317,0.8406,22.63,23.279,245.46,0.0000095511,1.773,328.15,108.44,18.795
2025-02-09 16:45:00,13.687,3.271,25.388,0.8393,22.92,23.244,245.74,0.0000096011,1.782,327.53,108.37,18.83
2025-02-09 17:00:00,13.607,3.27,25.338,0.8378,22.86,23.197,245.07,0.0000095646,1.802,326.99,108.53,18.818
2025-02-09 17:15:00,13.59,3.259,25.275,0.8337,22.86,23.019,244.61,0.0000095236,1.776,326.12,108.29,18.77
2025-02-09 17:30:00,13.529,3.242,25.105,0.8294,22.67,22.994,243.67,0.0000094459,1.758,325.49,107.83,18.69
2025-02-09 17:45:00,13.505,3.236,25.098,0.829,22.61,22.962,243.2,0.0000094525,1.748,325.78,108.07,18.686
2025-02-09 18:00:00,13.495,3.234,25.064,0.8275,22.74,22.882,242.73,0.0000094451,1.748,325.84,108.4,18.637
2025-02-09 18:15:00,13.497,3.234,25.059,0.8261,22.78,22.979,243.22,0.0000094773,1.746,325.08,108.37,18.588
2025-02-09 18:30:00,13.56,3.242,25.126,0.8306,22.9,23.058,243.93,0.0000095163,1.76,326.17,108.35,18.653
2025-02-09 18:45:00,13.512,3.229,25.06,0.8238,22.79,23.006,243.19,0.0000094865,1.705,325.21,108.09,18.591
2025-02-09 19:00:00,13.521,3.228,25.044,0.826,22.87,22.996,243.08,0.0000094754,1.644,325.45,107.47,18.6
2025-02-09 19:15:00,13.442,3.204,24.893,0.8213,22.54,22.761,241.59,0.0000093803,1.639,323.97,106.77,18.512
2025-02-09 19:30:00,13.445,3.192,24.768,0.8138,22.41,22.777,240.44,0.0000093151,1.635,323.31,106.27,18.402
2025-02-09 19:45:00,13.48,3.198,24.77,0.8164,22.46,22.839,240.04,0.0000093409,1.636,324.2,106.02,18.358
2025-02-09 20:00:00,13.656,3.208,24.898,0.8228,22.73,22.935,241.29,0.0000093676,1.637,324.99,106.23,18.495
2025-02-09 20:15:00,13.776,3.221,25.028,0.8224,22.83,23.023,242.46,0.0000094108,1.654,326.1,107.11,18.584
2025-02-09 20:30:00,14.004,3.224,24.998,0.8229,22.8,23.083,243.39,0.0000094356,1.641,326.66,106.87,18.679
2025-02-09 20:45:00,13.818,3.198,24.893,0.8185,22.78,22.912,241.9,0.0000093967,1.638,326.02,106.43,18.581
2025-02-09 21:00:00,13.685,3.199,24.86,0.819,23,22.87,241.83,0.0000093586,1.639,325.53,106.25,18.502
2025-02-09 21:15:00,13.525,3.159,24.609,0.8117,22.6,22.628,238.94,0.0000092401,1.62,323.26,105.79,18.289
2025-02-09 21:30:00,13.187,3.078,24.007,0.796,22.4,22.287,232.29,0.0000090414,1.602,317.19,103.46,17.672
2025-02-09 21:45:00,13.14,3.068,23.993,0.7988,22.12,22.446,231.92,0.0000090084,1.592,315.98,103.35,17.603
2025-02-09 22:00:00,13.166,3.066,24.129,0.8057,22.38,22.424,232.9,0.0000090558,1.588,316.51,103.37,17.659
2025-02-09 22:15:00,13.387,3.101,24.314,0.8101,22.65,22.57,236.29,0.0000091679,1.601,318.95,104.48,17.898
2025-02-09 22:30:00,13.625,3.158,24.794,0.8276,23.02,22.822,242.08,0.0000094034,1.637,323.43,105.64,18.226
2025-02-09 22:45:00,13.538,3.127,24.605,0.8198,22.97,22.708,238.76,0.0000094,1.629,321.8,105.05,18.032
2025-02-09 23:00:00,13.65,3.135,24.626,0.8253,22.95,22.698,239.58,0.0000093815,1.643,322.34,105.77,18.044
2025-02-09 23:15:00,13.633,3.137,24.624,0.8235,22.91,22.607,239.08,0.0000094256,1.641,321.95,106.4,17.981
2025-02-09 23:30:00,13.709,3.161,24.794,0.8282,23.04,22.949,240.59,0.0000095367,1.655,323.93,108.02,18.17
2025-02-09 23:45:00,13.711,3.176,24.856,0.8321,23.02,22.963,241.09,0.0000095263,1.668,324.35,107.12,18.256
2025-02-10 00:00:00,13.985,3.222,25.124,0.8406,23.31,23.211,245.21,0.0000096647,1.687,327.28,110.62,18.483
2025-02-10 00:15:00,13.985,3.211,25.273,0.8407,23.49,23.012,245.26,0.0000096429,1.682,327.63,110.92,18.472
2025-02-10 00:30:00,14.098,3.214,25.305,0.8444,23.41,23.163,245.3,0.0000097127,1.69,327.56,111.53,18.514
2025-02-10 00:45:00,14.039,3.203,25.126,0.841,23.56,23.154,245.68,0.0000096564,1.687,326.58,110.29,18.456
2025-02-10 01:00:00,13.927,3.176,24.873,0.8327,23.27,22.947,244.2,0.0000095288,1.669,325.24,110.29,18.27
2025-02-10 01:15:00,13.801,3.144,24.747,0.8249,23.13,22.769,241.73,0.0000094606,1.654,323.02,110.06,18.146
2025-02-10 01:30:00,13.529,3.083,24.303,0.8116,22.78,22.484,236.71,0.0000092854,1.623,318.42,107.65,17.781
2025-02-10 01:45:00,13.516,3.088,24.175,0.8084,22.81,22.527,236.19,0.0000092698,1.615,318.22,108.51,17.764
2025-02-10 02:00:00,13.398,3.065,24.038,0.8,22.54,22.333,234.34,0.0000091587,1.604,316.79,107.48,17.693
2025-02-10 02:15:00,13.448,3.069,24.045,0.8019,22.8,22.36,234.92,0.0000091853,1.603,317.12,107.45,17.693
2025-02-10 02:30:00,13.626,3.106,24.372,0.8117,22.8,22.708,239,0.0000092918,1.625,318.36,109.46,17.921
2025-02-10 02:45:00,13.574,3.092,24.263,0.8072,22.84,22.55,237.52,0.0000092389,1.615,318.29,108.56,17.898
2025-02-10 03:00:00,13.556,3.086,24.31,0.8093,22.85,22.823,237.02,0.0000092334,1.621,318.91,109.11,17.832
2025-02-10 03:15:00,13.782,3.111,24.459,0.8142,23.22,22.887,239.36,0.000009356,1.639,321.34,110.54,18.031
2025-02-10 03:30:00,14.185,3.183,24.984,0.8285,23.4,23.103,243.92,0.000009587,1.677,325.7,112.17,18.439
2025-02-10 03:45:00,13.999,3.134,24.815,0.823,23.3,23.187,242.42,0.0000094712,1.656,324.03,112.32,18.35
2025-02-10 04:00:00,14.158,3.143,24.959,0.8226,23.44,23.15,243.48,0.0000095091,1.667,324.7,113.08,18.41
2025-02-10 04:15:00,14.378,3.173,25.122,0.8267,23.53,23.255,246.97,0.0000095767,1.677,325.95,112.59,18.521
2025-02-10 04:30:00,14.476,3.16,24.985,0.824,23.51,23.226,246.19,0.0000095014,1.675,325.31,112.71,18.378
2025-02-10 04:45:00,14.554,3.162,24.993,0.8208,23.33,23.139,245.72,0.000009502,1.67,325.05,112.73,18.46
2025-02-10 05:00:00,14.674,3.175,25.107,0.8248,23.59,23.215,246.87,0.0000095656,1.68,327.06,113.72,18.55
2025-02-10 05:15:00,14.49,3.18,25.147,0.8238,23.42,23.4,247.2,0.000009554,1.674,326.8,113.48,18.566
2025-02-10 05:30:00,14.595,3.186,25.24,0.8291,23.54,23.245,247.63,0.0000095964,1.677,327.2,113.06,18.611
2025-02-10 05:45:00,14.648,3.188,25.285,0.8324,23.51,23.356,246.04,0.0000095939,1.679,327.25,113.1,18.562
2025-02-10 06:00:00,14.574,3.173,25.193,0.8282,23.62,23.214,244.93,0.0000095405,1.668,326.55,113.7,18.494
2025-02-10 06:15:00,14.494,3.176,25.199,0.8269,23.36,23.237,245.6,0.0000095068,1.66,326.36,112.42,18.46
2025-02-10 06:30:00,14.664,3.184,25.176,0.8287,23.28,23.35,245.98,0.0000095152,1.659,326.61,112.2,18.487
2025-02-10 06:45:00,14.685,3.197,25.263,0.8323,23.49,23.516,247.2,0.0000095362,1.665,328.28,113.58,18.53
2025-02-10 07:00:00,14.654,3.192,25.432,0.834,23.26,23.618,246.3,0.0000095337,1.667,328.58,113.1,18.601
2025-02-10 07:15:00,14.579,3.179,25.299,0.8321,23.27,23.593,245.65,0.0000094831,1.66,329.03,113.65,18.569
2025-02-10 07:30:00,14.712,3.192,25.367,0.8329,23.34,23.595,245.81,0.0000095083,1.667,329.49,114.39,18.585
2025-02-10 07:45:00,14.739,3.196,25.414,0.834,23.36,23.832,246.64,0.0000095174,1.665,330.74,115.23,18.64
2025-02-10 08:00:00,15.021,3.233,25.627,0.8431,23.58,23.839,250.66,0.000009594,1.685,333.42,116.7,18.845
2025-02-10 08:15:00,14.839,3.22,25.617,0.8393,23.56,23.777,251.09,0.0000095751,1.679,333.02,115.62,18.836
2025-02-10 08:30:00,14.914,3.228,25.702,0.8437,23.7,23.939,251.31,0.0000096076,1.685,333.69,116.18,18.919
2025-02-10 08:45:00,14.848,3.224,25.64,0.8434,23.53,23.973,249.28,0.0000095848,1.675,333.52,115.76,18.884
2025-02-10 09:00:00,14.696,3.212,25.562,0.8411,23.48,23.907,248.72,0.000009578,1.671,332.99,116.42,18.832
2025-02-10 09:15:00,14.665,3.215,25.576,0.8383,23.59,24.033,248.39,0.0000096071,1.669,332.59,116.56,18.84
2025-02-10 09:30:00,14.58,3.212,25.558,0.8364,23.6,23.923,247.89,0.0000095648,1.665,331.45,116.87,18.762
2025-02-10 09:45:00,14.386,3.217,25.614,0.8408,23.66,23.955,247.94,0.0000096913,1.671,332.17,116.63,18.742
2025-02-10 10:00:00,14.473,3.228,25.781,0.843,23.58,23.92,249.2,0.0000097192,1.682,332.96,116.97,18.841
2025-02-10 10:15:00,14.558,3.257,25.78,0.8422,23.7,23.928,249.69,0.0000096868,1.676,333.09,116.8,18.871
2025-02-10 10:30:00,14.399,3.231,25.569,0.8356,23.64,23.767,247.38,0.0000095508,1.659,331.53,116.58,18.73
2025-02-10 10:45:00,14.428,3.234,25.726,0.8371,23.7,23.876,247.13,0.0000095587,1.663,332.23,115.66,18.756
2025-02-10 11:00:00,14.409,3.227,25.685,0.8382,23.45,23.961,246.96,0.0000095553,1.659,331.44,115.97,18.667
2025-02-10 11:15:00,14.503,3.252,25.782,0.8459,23.55,24.006,249.21,0.000009625,1.67,333.05,116.31,18.761
2025-02-10 11:30:00,14.498,3.245,25.759,0.8444,23.55,23.976,248.56,0.000009621,1.677,332.66,117.9,18.768
2025-02-10 11:45:00,14.532,3.241,25.716,0.8405,23.58,24.002,248.59,0.0000095884,1.674,331.78,117.98,18.746
2025-02-10 12:00:00,14.411,3.233,25.687,0.838,23.48,23.8,248.85,0.0000095487,1.67,331.56,117.88,18.718
2025-02-10 12:15:00,14.374,3.228,25.645,0.8378,23.55,23.706,248.83,0.0000095472,1.667,330.95,116.77,18.698
2025-02-10 12:30:00,14.332,3.208,25.504,0.8345,23.62,23.549,247.25,0.0000095159,1.662,330.5,116.67,18.605
2025-02-10 12:45:00,14.264,3.211,25.43,0.8327,23.61,23.536,246.99,0.0000095071,1.666,329.65,116.82,18.565
2025-02-10 13:00:00,14.302,3.232,25.612,0.8373,23.68,23.589,248.07,0.0000095762,1.676,330.76,116.3,18.669
2025-02-10 13:15:00,14.281,3.222,25.577,0.838,23.84,23.524,248.36,0.0000095596,1.684,330.04,116.42,18.626
2025-02-10 13:30:00,14.283,3.236,25.724,0.8425,23.95,23.707,249.68,0.0000096185,1.698,330.13,117,18.707
2025-02-10 13:45:00,14.651,3.287,26.027,0.8585,24.15,24.147,254.35,0.0000098178,1.714,333.12,118.44,19.021
2025-02-10 14:00:00,14.49,3.26,25.761,0.8493,24.07,23.949,250.97,0.0000096764,1.7,330.97,117.74,18.792
2025-02-10 14:15:00,14.612,3.269,25.835,0.8543,24.31,23.919,251.49,0.0000097118,1.713,331.05,118.68,18.792
2025-02-10 14:30:00,14.492,3.246,25.73,0.8493,24.41,23.799,250.3,0.0000096901,1.696,329.65,117.41,18.73
2025-02-10 14:45:00,14.47,3.23,25.664,0.8459,24.4,23.889,249.37,0.0000096257,1.694,329.03,117.62,18.683
2025-02-10 15:00:00,14.489,3.225,25.754,0.8513,24.52,24.062,250.18,0.0000096659,1.696,329.79,118.02,18.745
2025-02-10 15:15:00,14.358,3.199,25.507,0.8443,24.41,23.836,248.11,0.0000095874,1.681,329.01,118.42,18.57
2025-02-10 15:30:00,14.292,3.198,25.554,0.8409,24.01,23.698,247.63,0.000009574,1.682,328.91,117.94,18.538
2025-02-10 15:45:00,14.368,3.179,25.611,0.841,24.12,23.906,248.49,0.0000096422,1.689,329.38,117.95,18.574
2025-02-10 16:00:00,14.471,3.218,25.801,0.8426,24.43,23.926,250.29,0.0000097104,1.702,330.14,118.63,18.661
2025-02-10 16:15:00,14.437,3.197,25.699,0.8388,24.46,23.712,250.31,0.0000097128,1.703,330.93,119.45,18.608
2025-02-10 16:30:00,14.428,3.2,25.721,0.8396,24.12,23.713,249.87,0.0000097125,1.694,330.58,119.91,18.565
2025-02-10 16:45:00,14.479,3.218,25.795,0.844,24.21,23.899,251.08,0.0000097299,1.706,330.66,120.5,18.697
2025-02-10 17:00:00,14.585,3.211,25.697,0.8389,24.1,23.721,250.6,0.0000096567,1.698,329.62,121.11,18.583
2025-02-10 17:15:00,14.716,3.239,25.899,0.8459,24.19,23.926,253.27,0.0000097459,1.714,330.88,121.46,18.79
2025-02-10 17:30:00,14.606,3.231,25.834,0.8462,24.1,23.844,252.35,0.0000096936,1.705,329.64,118.7,18.716
2025-02-10 17:45:00,14.851,3.245,25.895,0.8502,24.28,23.872,253.28,0.0000097203,1.718,330.73,119.75,18.766
2025-02-10 18:00:00,14.732,3.23,25.823,0.848,24.14,23.806,253.33,0.0000097012,1.72,331.06,119.68,18.759
2025-02-10 18:15:00,14.784,3.24,25.871,0.8488,24.46,23.86,254.16,0.0000097139,1.727,331.59,120.27,18.855
2025-02-10 18:30:00,14.776,3.237,25.774,0.8465,24.3,23.793,252.88,0.0000096877,1.715,330.88,119.95,18.743
2025-02-10 18:45:00,14.88,3.249,25.897,0.851,24.44,23.96,255.53,0.0000097142,1.718,332.01,119.41,18.844
2025-02-10 19:00:00,14.9,3.245,25.909,0.8501,24.63,23.945,255.78,0.0000097479,1.725,331.62,118.89,18.896
2025-02-10 19:15:00,14.861,3.239,25.919,0.8484,24.56,23.896,255.61,0.0000097189,1.717,331.65,118.98,18.876
2025-02-10 19:30:00,14.772,3.231,25.856,0.8448,24.47,23.895,255.3,0.0000096601,1.708,330.49,119.84,18.783
2025-02-10 19:45:00,14.733,3.226,25.831,0.8406,24.63,23.93,254.15,0.0000096422,1.705,329.33,119.35,18.825
2025-02-10 20:00:00,14.735,3.24,25.912,0.8441,24.55,24.022,255.26,0.0000096911,1.707,329.47,119.57,18.854
2025-02-10 20:15:00,14.69,3.239,25.9,0.8432,24.5,23.946,253.24,0.0000097027,1.708,329.08,119.38,18.844
2025-02-10 20:30:00,14.733,3.248,25.99,0.8446,24.47,23.955,254.19,0.0000097193,1.712,329.71,119.52,18.891
2025-02-10 20:45:00,14.796,3.24,26.008,0.8423,24.09,23.945,254.86,0.0000097133,1.712,329.35,120.12,18.862
2025-02-10 21:00:00,14.69,3.231,25.908,0.8402,24.1,23.748,253.28,0.0000096638,1.703,328.84,120.25,18.768
2025-02-10 21:15:00,14.662,3.234,25.9,0.8409,24.03,23.704,252.88,0.0000096821,1.706,329.03,120.9,18.759
2025-02-10 21:30:00,14.598,3.227,25.855,0.8391,23.95,23.665,251.94,0.00000962,1.703,328.63,120.55,18.723
2025-02-10 21:45:00,14.59,3.221,25.776,0.8371,23.98,23.665,251.09,0.0000095872,1.698,328.07,120,18.661
2025-02-10 22:00:00,14.609,3.198,25.723,0.8378,23.95,23.521,250.79,0.0000095288,1.697,327.85,119.32,18.667
2025-02-10 22:15:00,14.622,3.208,25.828,0.8409,24.1,23.606,251.79,0.0000095974,1.718,329.23,119.17,18.79
2025-02-10 22:30:00,14.634,3.206,25.745,0.8375,24.04,23.349,251.56,0.0000095691,1.708,329.39,119.57,18.761
2025-02-10 22:45:00,14.538,3.196,25.58,0.8337,24.03,23.328,250.32,0.0000095028,1.708,328.78,119.23,18.728
2025-02-10 23:00:00,14.489,3.18,25.594,0.8326,24,23.261,249.9,0.0000095319,1.71,328.55,119.03,18.682
2025-02-10 23:15:00,14.446,3.177,25.594,0.8307,24.06,23.25,249.95,0.0000095349,1.705,327.67,119.15,18.682
2025-02-10 23:30:00,14.48,3.19,25.65,0.8297,24.11,23.323,250.74,0.0000095547,1.706,328.24,119.09,18.691
2025-02-10 23:45:00,14.568,3.207,25.748,0.8345,24.22,23.332,252.5,0.0000095965,1.718,329.17,120.12,18.791
2025-02-11 00:00:00,14.502,3.215,25.752,0.8374,24.37,23.42,253.76,0.0000096172,1.721,329.8,119.09,18.845
2025-02-11 00:15:00,14.617,3.231,25.83,0.8421,24.53,23.516,255.42,0.0000096771,1.733,330.44,118.8,18.958
2025-02-11 00:30:00,14.728,3.252,26.195,0.8504,24.57,23.679,259.6,0.000009773,1.741,331.67,119.43,19.111
2025-02-11 00:45:00,14.683,3.246,26.129,0.8505,24.3,23.695,259.1,0.0000097339,1.737,331.92,122.74,19.056
2025-02-11 01:00:00,14.741,3.244,26.112,0.8505,24.18,23.836,258.46,0.0000097057,1.733,332.31,121.17,19.016
2025-02-11 01:15:00,14.875,3.25,26.189,0.853,24.15,24.012,258.06,0.0000097925,1.736,332.72,121.98,19.094
2025-02-11 01:30:00,14.925,3.274,26.268,0.858,24.15,24.224,259.13,0.0000098536,1.74,334.03,121.74,19.239
2025-02-11 01:45:00,14.933,3.268,26.177,0.856,24.07,24.152,258.34,0.0000099102,1.737,333.4,121.35,19.2
2025-02-11 02:00:00,14.852,3.255,26.133,0.8514,24.04,24.355,258.2,0.0000098583,1.74,332.92,120.69,19.197
2025-02-11 02:15:00,14.735,3.232,25.939,0.8469,23.96,24.193,256.69,0.0000097213,1.731,331.44,120.54,19.047
2025-02-11 02:30:00,14.627,3.234,25.942,0.846,24.07,24.131,256.83,0.0000097527,1.735,332.22,122.8,19.062
2025-02-11 02:45:00,14.712,3.236,25.976,0.8489,24.1,24.269,257.56,0.0000097743,1.737,332.08,122.61,19.105
2025-02-11 03:00:00,14.641,3.225,25.936,0.8449,24.14,24.136,256.77,0.0000097205,1.732,332.04,123.53,19.176
2025-02-11 03:15:00,14.699,3.217,25.891,0.846,24.21,24.176,256.48,0.0000097239,1.74,332.01,123.88,19.091
2025-02-11 03:30:00,14.708,3.221,25.91,0.8465,24.18,24.106,257.52,0.0000097079,1.745,332.95,124.95,19.276
2025-02-11 03:45:00,14.811,3.238,25.99,0.8498,24.28,24.193,258.17,0.0000097487,1.747,333.72,126.46,19.321
2025-02-11 04:00:00,14.825,3.24,26.007,0.8488,24.29,24.325,257.51,0.0000098059,1.746,333.71,126.02,19.374
2025-02-11 04:15:00,14.896,3.252,26.027,0.8501,24.16,24.278,258.29,0.0000098285,1.749,335.46,127.57,19.466
2025-02-11 04:30:00,15.009,3.275,26.191,0.8557,24.35,24.451,260.22,0.0000098969,1.759,339.38,130.63,19.569
2025-02-11 04:45:00,15.152,3.295,26.362,0.8623,24.57,24.643,260.29,0.0000100709,1.772,339.31,130.18,19.589
2025-02-11 05:00:00,15.139,3.293,26.381,0.8654,24.63,24.637,260.27,0.0000101605,1.781,339.53,129.47,19.481
2025-02-11 05:15:00,15.197,3.319,26.462,0.8642,24.79,24.656,260.33,0.0000102198,1.789,339.64,128.92,19.494
2025-02-11 05:30:00,15.186,3.331,26.506,0.8669,24.77,24.722,259.16,0.0000102686,1.792,340.17,128.93,19.52
